销量排名,车型名称,车型月销量,车型ID,价格区间,用户评分,爬取时间
1,Model Y,44848,5769,26.35-31.35万,4.5,2025-08-06 13:27:55
2,星愿,40891,7806,6.88-9.78万,4.54,2025-08-06 13:27:55
3,秦PLUS,38618,5964,7.98-17.98万,4.6,2025-08-06 13:27:55
4,秦L,31304,7578,9.98-15.38万,4.53,2025-08-06 13:27:56
5,海鸥,30708,6762,6.98-8.58万,4.55,2025-08-06 13:27:56
6,宋PLUS新能源,26813,5761,13.58-18.08万,4.7,2025-08-06 13:27:56
7,宏光MINIEV,26111,5714,3.28-9.99万,4.53,2025-08-06 13:27:56
8,朗逸,25249,614,8.00-15.19万,3.64,2025-08-06 13:27:56
9,轩逸,24447,448,7.99-17.49万,4.79,2025-08-06 13:27:56
10,小米SU7,23225,6962,21.59-29.99万,4.36,2025-08-06 13:27:56
11,海豹06新能源,21770,7588,9.98-13.98万,4.54,2025-08-06 13:27:56
12,星越L,21668,6004,14.77-17.97万,4.56,2025-08-06 13:27:56
13,问界M8,21185,8003,35.98-44.98万,4.47,2025-08-06 13:27:56
14,凯美瑞,20358,110,17.18-25.98万,4.39,2025-08-06 13:27:56
15,速腾,20192,442,13.99-17.29万,4.52,2025-08-06 13:27:56
16,帕萨特,20008,528,16.45-23.99万,4.45,2025-08-06 13:27:56
17,宋Pro新能源,19895,5279,10.28-14.28万,4.45,2025-08-06 13:27:57
18,迈腾,19781,496,17.49-24.69万,4.54,2025-08-06 13:27:57
19,RAV4荣放,19726,770,16.98-23.88万,4.54,2025-08-06 13:27:57
20,途观L,19684,4274,18.68-26.68万,4.38,2025-08-06 13:27:57
21,海豚,18106,6139,9.98-12.98万,4.58,2025-08-06 13:27:57
22,宋L DM-i,17690,7815,13.58-17.58万,4.44,2025-08-06 13:27:57
23,探岳,17515,4744,19.89-25.99万,4.53,2025-08-06 13:27:57
24,本田CR-V,17164,314,18.59-26.39万,4.4,2025-08-06 13:27:57
25,卡罗拉锐放,16841,6428,12.98-18.48万,4.31,2025-08-06 13:27:57
26,Model 3,16636,5346,23.55-33.95万,4.58,2025-08-06 13:27:57
27,理想L6,16471,6950,24.98-27.98万,4.4,2025-08-06 13:27:57
28,瑞虎8,16288,4693,10.99-15.68万,4.52,2025-08-06 13:27:57
29,元UP,15347,7538,7.48-11.98万,4.53,2025-08-06 13:27:57
30,奥迪A6L,15151,18,42.79-65.68万,4.5,2025-08-06 13:27:58
31,长安CS75 PLUS,15101,5179,11.39-14.99万,4.5,2025-08-06 13:27:58
32,长安Lumin,15018,6674,3.79-6.59万,4.53,2025-08-06 13:27:58
33,零跑B10,14312,7877,9.98-14.98万,4.59,2025-08-06 13:27:58
34,逸动,14150,2429,7.29-9.69万,4.53,2025-08-06 13:27:58
35,小鹏MONA M03,14111,6998,11.98-13.98万,4.75,2025-08-06 13:27:58
36,海狮05 EV,14075,7982,11.78-13.78万,4.5,2025-08-06 13:27:58
37,宝马3系,14067,66,31.99-39.99万,4.55,2025-08-06 13:27:58
38,途岳,13935,4745,12.59-21.66万,4.44,2025-08-06 13:27:58
39,红旗H5,13857,4410,15.98-22.58万,4.57,2025-08-06 13:27:58
40,问界M9,13718,7207,46.98-56.98万,4.61,2025-08-06 13:27:58
41,熊猫,13471,6924,2.99-5.39万,4.59,2025-08-06 13:27:58
42,奔驰C级,13375,588,33.48-38.06万,4.52,2025-08-06 13:27:59
43,雅阁,13365,78,17.98-23.88万,4.53,2025-08-06 13:27:59
44,宝马5系,13299,65,43.99-52.59万,4.49,2025-08-06 13:27:59
45,元PLUS,13168,6298,11.58-14.78万,4.52,2025-08-06 13:27:59
46,奥迪Q5L,13018,4851,34.98-42.98万,4.44,2025-08-06 13:27:59
47,博越L,12971,6814,9.99-14.97万,4.5,2025-08-06 13:27:59
48,五菱缤果,12902,7045,5.68-8.48万,4.55,2025-08-06 13:27:59
49,奔驰E级,12666,197,45.18-59.98万,4.43,2025-08-06 13:27:59
50,奔驰GLC,12524,3862,42.78-53.13万,4.49,2025-08-06 13:27:59
51,锋兰达,12107,6414,12.88-18.48万,4.52,2025-08-06 13:28:16
52,钛3,12017,7356,13.38-19.38万,4.45,2025-08-06 13:28:16
53,昂科威Plus,11975,3554,22.99-25.99万,4.51,2025-08-06 13:28:16
54,汉,11972,5499,16.58-23.58万,4.42,2025-08-06 13:28:16
55,艾瑞泽8,11775,6664,9.99-14.89万,4.55,2025-08-06 13:28:16
56,皓影,11666,5393,18.59-26.39万,4.35,2025-08-06 13:28:16
57,海豹05 DM-i,11424,7981,7.98-10.38万,4.58,2025-08-06 13:28:16
58,帝豪,11365,3556,6.29-14.98万,4.46,2025-08-06 13:28:16
59,亚洲龙,11355,4962,17.88-25.68万,4.4,2025-08-06 13:28:16
60,星瑞,11238,5273,9.97-14.67万,4.51,2025-08-06 13:28:16
61,零跑C10,11123,7382,12.28-16.88万,4.59,2025-08-06 13:28:16
62,奔腾小马,10982,7231,2.49-5.39万,4.56,2025-08-06 13:28:16
63,缤越,10011,4701,6.68-9.68万,4.56,2025-08-06 13:28:16
64,捷途X70,9837,4683,10.69-14.99万,4.86,2025-08-06 13:28:17
65,红旗HS5,9549,5048,18.38-24.98万,4.62,2025-08-06 13:28:17
66,长安启源Q07,9546,7975,12.98-17.18万,4.45,2025-08-06 13:28:17
67,哈弗大狗,9261,5770,12.39-14.99万,4.57,2025-08-06 13:28:17
68,威兰达,9159,5472,17.38-26.48万,4.48,2025-08-06 13:28:17
69,赛那SIENNA,8846,6272,29.98-41.08万,4.58,2025-08-06 13:28:17
70,宝来,8585,633,11.29-14.39万,4.35,2025-08-06 13:28:17
71,捷途旅行者,8508,6606,13.99-23.99万,4.53,2025-08-06 13:28:17
72,银河星耀8,8439,8042,12.58-16.58万,4.59,2025-08-06 13:28:17
73,卡罗拉,8417,526,11.68-15.58万,3.86,2025-08-06 13:28:17
74,理想L7,8273,6949,30.18-35.98万,4.53,2025-08-06 13:28:17
75,腾势D9,8272,6669,33.98-60.06万,4.59,2025-08-06 13:28:17
76,奥迪A4L,7869,692,28.98-36.28万,4.57,2025-08-06 13:28:18
77,AION Y,7732,5976,9.98-14.58万,4.55,2025-08-06 13:28:18
78,汉兰达,7680,771,24.98-32.58万,4.4,2025-08-06 13:28:18
79,银河星舰7 EM-i,7467,7864,9.78-13.08万,4.49,2025-08-06 13:28:18
80,长安X5 PLUS,7422,7552,8.99-11.09万,4.48,2025-08-06 13:28:18
81,岚图梦想家,7247,6459,32.99-44.99万,4.55,2025-08-06 13:28:18
82,深蓝S05,7199,7740,11.99-14.99万,4.46,2025-08-06 13:28:18
83,逍客,7192,564,12.59-17.49万,4.51,2025-08-06 13:28:18
84,长安CS55PLUS,7180,5498,9.99-11.39万,4.37,2025-08-06 13:28:18
85,沃尔沃XC60,7179,3411,39.69-47.49万,4.54,2025-08-06 13:28:18
86,零跑C16,6983,7674,15.18-18.98万,4.54,2025-08-06 13:28:18
87,唐新能源,6961,3430,17.98-21.98万,4.45,2025-08-06 13:28:18
88,五菱宏光V,6801,5174,4.46-5.28万,4.32,2025-08-06 13:28:18
89,小鹏P7+,6700,7554,18.68-20.88万,4.52,2025-08-06 13:28:19
90,奥迪A3,6620,3170,16.59-20.99万,4.48,2025-08-06 13:28:19
91,天籁,6538,634,17.98-23.98万,4.39,2025-08-06 13:28:19
92,唐L,6456,8005,22.98-28.98万,4.48,2025-08-06 13:28:19
93,五菱宏光,6427,2139,4.60-6.09万,4.36,2025-08-06 13:28:19
94,乐道L60,6400,7687,20.69-25.59万,4.55,2025-08-06 13:28:19
95,坦克300,6370,5810,19.98-33.00万,4.5,2025-08-06 13:28:19
96,荣威i5,6360,4869,6.89-9.09万,4.14,2025-08-06 13:28:19
97,哈弗H6,6354,2123,9.89-14.39万,4.58,2025-08-06 13:28:19
98,哈弗枭龙MAX,6208,7150,13.18-16.98万,4.54,2025-08-06 13:28:19
99,日产N7,6189,7935,11.99-14.99万,4.51,2025-08-06 13:28:19
100,别克GL8新能源,6082,7658,24.99-41.99万,4.24,2025-08-06 13:28:19
101,iCAR V23,6078,7649,10.98-14.98万,4.59,2025-08-06 13:28:19
102,T-ROC探歌,6059,4674,15.89-17.87万,4.58,2025-08-06 13:28:20
103,宝马X3,6051,4658,34.99-48.69万,4.45,2025-08-06 13:28:20
104,铂智3X,6030,7712,10.98-15.98万,4.52,2025-08-06 13:28:20
105,风云T9,5976,7442,13.29-19.39万,4.46,2025-08-06 13:28:20
106,捷途自由者,5970,7828,12.49-15.49万,4.53,2025-08-06 13:28:20
107,魏牌 高山,5949,7076,30.98-35.38万,4.48,2025-08-06 13:28:20
108,长安UNI-Z新能源,5864,7512,11.79-13.39万,4.43,2025-08-06 13:28:20
109,格瑞维亚,5854,6672,29.98-41.68万,4.4,2025-08-06 13:28:20
110,阿维塔06,5842,7752,20.99-27.99万,4.61,2025-08-06 13:28:20
111,伊兰特,5810,51,9.98-14.98万,4.49,2025-08-06 13:28:20
112,海豹07 DM-i,5756,7822,13.98-19.58万,4.57,2025-08-06 13:28:20
113,小鹏G6,5749,7162,17.68-19.88万,4.59,2025-08-06 13:28:20
114,宝马X5,5714,6548,61.50-83.00万,4.46,2025-08-06 13:28:21
115,深蓝S07,5579,6817,15.99-19.79万,4.42,2025-08-06 13:28:21
116,领克900,5566,8002,30.99-41.69万,4.46,2025-08-06 13:28:21
117,君越,5546,834,17.99-23.99万,4.56,2025-08-06 13:28:21
118,极氪7X,5518,7777,22.99-26.99万,4.53,2025-08-06 13:28:21
119,零跑T03,5445,5515,5.99-6.99万,4.55,2025-08-06 13:28:21
120,问界M7,5411,6643,24.98-32.98万,4.52,2025-08-06 13:28:21
121,AION UT,5346,7918,6.98-10.18万,4.58,2025-08-06 13:28:21
122,皇冠陆放,5314,6030,28.48-33.28万,4.47,2025-08-06 13:28:21
123,瑞虎5x,5298,4531,5.99-9.99万,3.86,2025-08-06 13:28:21
124,红旗E-QM5,5288,6002,12.18-23.98万,4.58,2025-08-06 13:28:21
125,传祺M8,5259,4174,17.98-32.68万,4.47,2025-08-06 13:28:21
126,MG5,5186,532,6.79-9.89万,4.29,2025-08-06 13:28:21
127,捷达VS5,5174,5138,8.79-12.19万,4.32,2025-08-06 13:28:22
128,蔚来ET5T,5103,7306,29.80-37.40万,4.43,2025-08-06 13:28:22
129,哈弗猛龙,5062,7746,15.69-16.69万,4.51,2025-08-06 13:28:22
130,北京越野BJ30,5057,5771,9.99-13.69万,4.59,2025-08-06 13:28:22
131,哈弗猛龙新能源,5018,7298,16.58-19.28万,4.49,2025-08-06 13:28:22
132,长安启源A07,5013,7209,11.99-15.99万,4.5,2025-08-06 13:28:22
133,海豹06GT,4978,7694,13.68-18.68万,4.7,2025-08-06 13:28:22
134,极氪007,4915,7491,20.99-29.99万,4.5,2025-08-06 13:28:22
135,零跑C11,4902,5205,14.88-20.98万,4.52,2025-08-06 13:28:22
136,五菱宏光新能源,4894,7781,6.88-7.38万,4.33,2025-08-06 13:28:22
137,理想L9,4893,6576,40.98-43.98万,4.43,2025-08-06 13:28:22
138,豹5,4875,7177,23.98-32.98万,4.52,2025-08-06 13:28:22
139,银河L6,4856,7167,7.98-10.68万,4.6,2025-08-06 13:28:23
140,银河E5,4716,7650,10.78-17.98万,4.53,2025-08-06 13:28:23
141,驱逐舰05,4676,6337,7.98-13.68万,4.52,2025-08-06 13:28:23
142,腾势N9,4668,7839,38.98-44.98万,4.5,2025-08-06 13:28:23
143,纳米01,4574,7364,6.58-13.98万,4.57,2025-08-06 13:28:23
144,思域,4528,135,12.99-18.79万,4.14,2025-08-06 13:28:23
145,阿维塔07,4497,7652,21.99-28.99万,4.49,2025-08-06 13:28:23
146,蔚来ES6,4415,4881,33.80-39.60万,4.6,2025-08-06 13:28:23
147,传祺GS3,4387,3495,8.58-11.18万,4.53,2025-08-06 13:28:23
148,问界M5,4371,6388,22.98-27.98万,4.53,2025-08-06 13:28:23
149,理想L8,4338,6910,32.18-37.98万,4.51,2025-08-06 13:28:23
150,AION RT,4282,7860,11.98-16.58万,4.6,2025-08-06 13:28:23
151,宝马X1,4277,2561,28.89-34.99万,4.44,2025-08-06 13:28:23
152,领克03,4255,4402,12.78-42.03万,4.55,2025-08-06 13:28:24
153,享界S9,4215,7630,30.98-44.98万,4.4,2025-08-06 13:28:24
154,君威,4178,164,15.98-17.58万,4.51,2025-08-06 13:28:24
155,汉L,4148,7859,20.98-27.98万,4.57,2025-08-06 13:28:24
156,AION S,4123,5026,13.98-14.68万,4.47,2025-08-06 13:28:24
157,睿蓝汽车X3 PRO,4100,6607,4.89-5.79万,4.51,2025-08-06 13:28:24
158,高尔夫,4084,871,12.99-15.69万,4.34,2025-08-06 13:28:24
159,瑞虎7,4003,3766,7.49-13.99万,4.51,2025-08-06 13:28:24
160,大众ID.3,3950,6265,12.99-15.59万,4.55,2025-08-06 13:28:24
161,东风风神L7,3932,7323,9.49-22.45万,4.44,2025-08-06 13:28:24
162,firefly萤火虫,3932,7990,11.98-12.58万,4.51,2025-08-06 13:28:24
163,英仕派,3889,4809,18.28-21.38万,4.35,2025-08-06 13:28:24
164,魏牌 蓝山,3864,6979,29.98-32.68万,4.46,2025-08-06 13:28:24
165,别克GL8,3830,166,22.99-36.99万,4.49,2025-08-06 13:28:25
166,奥迪Q3,3812,2951,25.18-29.68万,4.32,2025-08-06 13:28:25
167,长安UNI-V,3781,6335,10.89-13.99万,4.51,2025-08-06 13:28:25
168,捷达VA3,3702,5137,6.78-9.48万,4.53,2025-08-06 13:28:25
169,瑞虎9,3680,7072,15.29-20.99万,4.44,2025-08-06 13:28:25
170,北京越野BJ40增程,3660,7696,17.98-19.98万,4.46,2025-08-06 13:28:25
171,坦克300新能源,3631,7210,24.98万,4.56,2025-08-06 13:28:25
172,蒙迪欧,3624,117,14.98-22.98万,4.45,2025-08-06 13:28:25
173,银河L7,3600,7158,11.58-16.97万,4.46,2025-08-06 13:28:25
174,途昂,3480,4232,24.90-38.90万,4.55,2025-08-06 13:28:25
175,雷凌,3468,3462,11.38-14.88万,4.07,2025-08-06 13:28:25
176,凯迪拉克CT5,3459,5349,28.99-34.59万,4.53,2025-08-06 13:28:25
177,领克06,3422,5555,10.86-12.98万,4.58,2025-08-06 13:28:26
178,悦意03,3358,7899,7.98-14.79万,4.5,2025-08-06 13:28:26
179,极狐 阿尔法T5,3278,7125,11.98-16.78万,4.7,2025-08-06 13:28:26
180,凯迪拉克XT5,3260,3989,39.99-45.99万,4.51,2025-08-06 13:28:26
181,深蓝S09,3250,7979,23.99-30.99万,4.5,2025-08-06 13:28:26
182,智己LS6,3228,7305,23.99-30.29万,4.53,2025-08-06 13:28:26
183,红旗HS3 PHEV,3206,7673,15.98-16.18万,4.36,2025-08-06 13:28:26
184,智界R7,3194,7730,24.98-33.98万,4.51,2025-08-06 13:28:26
185,QQ冰淇淋,3128,6309,3.69-4.39万,4.29,2025-08-06 13:28:26
186,海狮05 DM-i,3115,7807,10.28-14.28万,4.49,2025-08-06 13:28:26
187,海狮07 EV,3107,6851,18.98-23.98万,4.57,2025-08-06 13:28:26
188,深蓝L07,3015,7738,15.19-17.09万,4.5,2025-08-06 13:28:26
189,锐界,3003,3615,22.68-30.98万,4.56,2025-08-06 13:28:26
190,江豚,2996,6667,13.38-16.28万,0.0,2025-08-06 13:28:27
191,捷途山海T2,2982,7345,17.99-23.99万,4.47,2025-08-06 13:28:27
192,领克08 EM-P,2952,7243,18.58-24.88万,4.61,2025-08-06 13:28:27
193,马自达CX-5,2937,2987,12.58-15.38万,4.71,2025-08-06 13:28:27
194,坦克400新能源,2927,7213,28.58-28.98万,4.56,2025-08-06 13:28:27
195,宝骏悦也Plus,2895,7574,7.68-10.58万,4.4,2025-08-06 13:28:27
196,新海狮X30L CNG,2883,4758,5.69-6.19万,4.54,2025-08-06 13:28:27
197,AION V,2879,5622,12.98-19.36万,4.6,2025-08-06 13:28:27
198,传祺E8新能源,2846,7329,21.68-23.88万,4.49,2025-08-06 13:28:27
199,星海S7,2693,7629,10.99-18.99万,4.57,2025-08-06 13:28:27
200,极狐 阿尔法S5,2650,7327,12.78-18.48万,4.6,2025-08-06 13:28:27
201,智己L6,2635,7514,21.99-30.59万,4.58,2025-08-06 13:28:27
202,五菱之光,2600,2456,3.51-3.79万,3.97,2025-08-06 13:28:27
203,深蓝SL03,2590,6353,12.99-14.69万,4.14,2025-08-06 13:28:28
204,夏,2565,7851,24.98-30.98万,4.4,2025-08-06 13:28:28
205,荣威D6,2537,7980,9.98-13.98万,4.56,2025-08-06 13:28:28
206,曹操60,2500,7198,11.98-16.98万,0.0,2025-08-06 13:28:28
207,途胜,2497,358,15.98-20.78万,4.71,2025-08-06 13:28:28
208,坦克500新能源,2489,6653,33.50-36.38万,4.6,2025-08-06 13:28:28
209,小鹏G9,2440,6492,24.88-27.88万,4.57,2025-08-06 13:28:28
210,极氪001,2437,6091,25.90-32.90万,4.52,2025-08-06 13:28:28
211,揽巡,2411,6738,24.29-29.99万,4.56,2025-08-06 13:28:28
212,五菱缤果PLUS,2410,7572,7.58-9.88万,4.39,2025-08-06 13:28:28
213,五菱荣光,2378,2451,5.10-5.76万,4.69,2025-08-06 13:28:28
214,领克01,2352,4221,14.98-19.68万,4.0,2025-08-06 13:28:28
215,五菱之光新能源,2352,7897,4.78-5.78万,4.54,2025-08-06 13:28:28
216,eπ007,2346,7398,11.59-26.59万,4.53,2025-08-06 13:28:29
217,奕炫,2329,5103,6.49-10.68万,4.86,2025-08-06 13:28:29
218,smart精灵#1,2324,6369,15.49-19.99万,4.46,2025-08-06 13:28:29
219,欧拉好猫,2319,5823,8.38-10.38万,4.52,2025-08-06 13:28:29
220,捷途山海T1,2312,7506,13.49-17.99万,4.55,2025-08-06 13:28:29
221,理想MEGA,2304,6939,52.98-55.98万,4.71,2025-08-06 13:28:29
222,宝马i3,2270,6544,35.39-41.39万,4.42,2025-08-06 13:28:29
223,库斯途,2248,6118,16.98-22.08万,4.51,2025-08-06 13:28:29
224,小米YU7,2234,7793,25.35-32.99万,0.0,2025-08-06 13:28:29
225,揽境,2233,5245,26.99-29.99万,4.17,2025-08-06 13:28:29
226,红旗HS3,2231,7130,14.58-19.58万,4.48,2025-08-06 13:28:29
227,星纪元 ES,2228,7035,15.28-29.99万,4.53,2025-08-06 13:28:29
228,北京越野BJ40,2185,623,14.58-22.98万,4.46,2025-08-06 13:28:30
229,奔驰GLB,2179,5348,31.19-36.79万,4.4,2025-08-06 13:28:30
230,沃尔沃S60,2164,3158,30.69-38.49万,4.52,2025-08-06 13:28:30
231,长安启源Q05经典,2112,7351,9.69-11.29万,4.21,2025-08-06 13:28:30
232,eπ008,2065,7456,17.86-20.36万,4.46,2025-08-06 13:28:30
233,瑞虎3x,2051,4099,5.79-6.99万,4.24,2025-08-06 13:28:30
234,豹8,2011,7353,37.98-42.38万,4.6,2025-08-06 13:28:30
235,吉利ICON,2003,4813,8.98-9.58万,4.53,2025-08-06 13:28:30
236,五菱星光,1985,7349,7.98-12.58万,4.63,2025-08-06 13:28:30
237,传祺GS8,1983,4094,15.98-20.58万,4.49,2025-08-06 13:28:30
238,传祺M6,1982,4662,11.98-14.58万,4.53,2025-08-06 13:28:30
239,沃尔沃S90,1963,4206,40.69-50.59万,4.59,2025-08-06 13:28:30
240,菱智,1933,2540,5.99-9.99万,4.57,2025-08-06 13:28:30
241,蔚来EC6,1932,5569,35.80-42.80万,4.58,2025-08-06 13:28:31
242,星纪元 ET,1907,7174,17.28-31.98万,4.54,2025-08-06 13:28:31
243,荣威D7,1893,7301,12.38-20.08万,4.53,2025-08-06 13:28:31
244,蓝电E5,1858,6977,9.98-15.39万,4.52,2025-08-06 13:28:31
245,风云T8,1848,7898,10.39-15.09万,4.6,2025-08-06 13:28:31
246,极氪009,1828,6846,43.90-89.90万,4.41,2025-08-06 13:28:31
247,奕跑,1791,4824,6.98-8.38万,4.03,2025-08-06 13:28:31
248,威朗,1781,3751,12.89-15.89万,4.49,2025-08-06 13:28:31
249,普拉多,1779,46,44.98-55.98万,4.38,2025-08-06 13:28:31
250,红旗H5 PHEV,1775,5275,18.58-19.98万,4.86,2025-08-06 13:28:31
251,阿维塔12,1774,7126,26.99-70.00万,4.55,2025-08-06 13:29:06
252,奥德赛,1767,880,23.58-43.98万,4.39,2025-08-06 13:29:06
253,岚图FREE,1761,5924,21.99-27.99万,4.55,2025-08-06 13:29:06
254,领克Z20,1761,7812,10.99-15.09万,4.51,2025-08-06 13:29:06
255,极狐 考拉,1760,7120,13.18-16.98万,4.61,2025-08-06 13:29:07
256,凌渡,1757,3457,14.39-19.09万,4.5,2025-08-06 13:29:07
257,捷途大圣,1742,6291,9.39-13.68万,4.57,2025-08-06 13:29:07
258,小麒麟,1742,6720,4.99-5.19万,4.36,2025-08-06 13:29:07
259,锐胜王牌M7,1731,6701,6.18-15.38万,4.53,2025-08-06 13:29:07
260,小鹏X9,1700,7067,35.98-41.98万,4.45,2025-08-06 13:29:07
261,奥迪A7L,1691,5998,41.87-66.62万,4.86,2025-08-06 13:29:07
262,红旗H6,1684,6460,17.98-23.98万,4.45,2025-08-06 13:29:07
263,长安启源A05,1679,7314,7.89-10.39万,4.45,2025-08-06 13:29:07
264,电动MINI COOPER,1658,7576,20.98-23.98万,4.17,2025-08-06 13:29:07
265,蔚来ET5,1642,6453,29.80-37.40万,4.66,2025-08-06 13:29:07
266,宋L EV,1608,7220,18.98-24.98万,4.46,2025-08-06 13:29:08
267,纳米06,1601,8026,8.99-14.98万,4.59,2025-08-06 13:29:08
268,逸动新能源,1599,4343,14.99万,4.5,2025-08-06 13:29:08
269,奔腾B70,1595,466,9.88-13.79万,4.33,2025-08-06 13:29:08
270,海狮07 DM-i,1587,7977,16.98-20.58万,4.57,2025-08-06 13:29:08
271,零跑B01,1581,8006,8.98-11.98万,4.86,2025-08-06 13:29:08
272,标致408,1577,987,10.97-11.87万,4.59,2025-08-06 13:29:08
273,索纳塔,1574,2649,13.98-18.68万,4.51,2025-08-06 13:29:08
274,ID.4 X,1546,5511,15.99-21.19万,4.3,2025-08-06 13:29:08
275,长安CS35PLUS,1521,4976,7.99-9.99万,4.43,2025-08-06 13:29:08
276,银河E8,1493,7170,14.98-21.58万,4.52,2025-08-06 13:29:08
277,狮铂拓界,1466,6853,17.98-23.78万,4.49,2025-08-06 13:29:08
278,领克07 EM-P,1464,5576,15.98-17.98万,4.52,2025-08-06 13:29:09
279,一汽-大众CC,1443,905,22.49-27.49万,4.62,2025-08-06 13:29:09
280,艾瑞泽5,1442,3405,5.99-6.99万,3.86,2025-08-06 13:29:09
281,ID.4 CROZZ,1437,5785,14.99-24.36万,4.86,2025-08-06 13:29:09
282,长安X7 PLUS,1437,7543,9.39-12.89万,4.06,2025-08-06 13:29:09
283,航海家,1436,5757,32.58-46.88万,4.71,2025-08-06 13:29:09
284,小蚂蚁,1435,4218,5.49-7.69万,4.49,2025-08-06 13:29:09
285,金海狮,1429,7840,6.09-10.59万,4.54,2025-08-06 13:29:09
286,212 T01,1422,7798,13.99-18.88万,4.55,2025-08-06 13:29:09
287,丰田bZ5,1409,7713,12.98-19.98万,0.0,2025-08-06 13:29:09
288,红旗天工08,1398,6913,21.59-33.98万,4.67,2025-08-06 13:29:09
289,赛图斯,1397,7201,10.99-15.99万,4.56,2025-08-06 13:29:09
290,福瑞迪,1388,813,7.88-13.98万,4.2,2025-08-06 13:29:09
291,捷达VS7,1366,5193,10.79-14.39万,4.46,2025-08-06 13:29:10
292,探险者,1363,5556,30.98-39.98万,4.34,2025-08-06 13:29:10
293,五菱星光S,1362,7671,9.98-12.98万,4.5,2025-08-06 13:29:10
294,型格,1337,6386,12.99-18.69万,4.48,2025-08-06 13:29:10
295,五菱佳辰,1319,6650,6.88-11.58万,4.0,2025-08-06 13:29:10
296,风云A8,1285,7154,7.99-10.99万,4.43,2025-08-06 13:29:10
297,长安之星,1272,2600,2.50-5.09万,4.24,2025-08-06 13:29:10
298,马自达3 昂克赛拉,1257,3294,8.99-18.99万,4.52,2025-08-06 13:29:10
299,传祺向往S7,1231,7928,17.58-22.98万,4.45,2025-08-06 13:29:10
300,MG7,1216,531,12.59-17.89万,4.6,2025-08-06 13:29:10
301,极石01,1182,7302,29.99-35.99万,4.54,2025-08-06 13:29:10
302,宝骏云海,1156,7741,10.98-15.58万,4.53,2025-08-06 13:29:10
303,瑞虎9 C-DM,1138,7214,16.59-17.99万,4.43,2025-08-06 13:29:11
304,皓瀚,1122,7136,8.99-13.69万,4.53,2025-08-06 13:29:11
305,别克E5,1116,7043,16.99-21.19万,4.79,2025-08-06 13:29:11
306,捷途X90,1108,4797,13.99-17.29万,4.0,2025-08-06 13:29:11
307,领睿,1092,6430,9.88-16.55万,4.43,2025-08-06 13:29:11
308,深蓝G318,1080,7569,18.59-22.99万,4.53,2025-08-06 13:29:11
309,秦新能源,1072,2761,16.88万,4.29,2025-08-06 13:29:11
310,昊铂HT,1066,7395,18.99-32.99万,4.53,2025-08-06 13:29:11
311,哈弗H5,1063,7092,14.78-17.78万,4.57,2025-08-06 13:29:11
312,哈弗H9,1062,3298,19.99-24.79万,4.57,2025-08-06 13:29:11
313,奇骏,1059,656,16.08-26.29万,4.14,2025-08-06 13:29:11
314,凯迪拉克XT4,1057,4856,22.97-27.57万,4.4,2025-08-06 13:29:11
315,荣威RX5,1019,4080,9.99-15.59万,4.47,2025-08-06 13:29:12
316,凯翼昆仑,1011,6841,9.89-16.99万,4.31,2025-08-06 13:29:12
317,奥迪Q6,1000,6526,46.76-61.06万,4.63,2025-08-06 13:29:12
318,奔驰V级,994,3823,49.68-66.98万,4.6,2025-08-06 13:29:12
319,启辰大V,986,6216,9.98-12.88万,4.5,2025-08-06 13:29:12
320,威霆,982,2084,33.68-38.68万,4.29,2025-08-06 13:29:12
321,宝马iX1,981,7223,29.99-33.99万,4.34,2025-08-06 13:29:12
322,丰田bZ3,975,6903,16.98-19.98万,4.52,2025-08-06 13:29:12
323,星途凌云,969,5942,12.99-17.98万,4.57,2025-08-06 13:29:12
324,吉利几何A,963,4983,14.38-20.78万,4.24,2025-08-06 13:29:12
325,长安UNI-K,957,5927,15.49-18.49万,4.59,2025-08-06 13:29:12
326,传祺GS4,929,3691,11.58-12.68万,4.48,2025-08-06 13:29:13
327,宝马iX3,897,5758,40.50-44.50万,4.37,2025-08-06 13:29:13
328,探陆,887,7396,23.98-30.18万,4.54,2025-08-06 13:29:13
329,欧诺S,856,2566,4.69-5.44万,4.05,2025-08-06 13:29:13
330,林肯Z,852,6477,23.58-36.58万,4.59,2025-08-06 13:29:13
331,iCAR 03,841,7069,10.98-16.98万,4.5,2025-08-06 13:29:13
332,蔚来ES8,839,4427,49.80-59.80万,4.53,2025-08-06 13:29:13
333,北汽新能源EU,838,3884,12.98-25.69万,4.63,2025-08-06 13:29:13
334,捷豹XEL,838,4462,32.98-34.18万,4.49,2025-08-06 13:29:13
335,知豆彩虹,835,7577,3.19-6.09万,4.55,2025-08-06 13:29:13
336,奔腾NAT,833,6008,13.98-16.48万,4.54,2025-08-06 13:29:13
337,威然,831,5445,28.98-40.28万,4.58,2025-08-06 13:29:14
338,艾力绅,821,2565,27.98-33.18万,4.47,2025-08-06 13:29:14
339,腾势Z9GT,815,7659,33.48-41.48万,4.56,2025-08-06 13:29:14
340,启辰VX6,806,7099,13.49-19.98万,4.55,2025-08-06 13:29:14
341,宝马i5,794,7344,43.99-53.99万,4.0,2025-08-06 13:29:14
342,凡尔赛C5 X,784,6120,9.97-18.67万,4.45,2025-08-06 13:29:14
343,宝马2系,777,7827,25.99-27.99万,0.0,2025-08-06 13:29:14
344,缤瑞,738,4702,8.98-10.98万,4.53,2025-08-06 13:29:14
345,领克09 EM-P,721,6334,27.58-34.78万,4.04,2025-08-06 13:29:14
346,红旗H9,713,5566,32.98-53.98万,4.5,2025-08-06 13:29:14
347,奔驰A级,702,4764,25.13-27.57万,4.56,2025-08-06 13:29:14
348,瑞风M3,689,3351,6.58-12.79万,4.52,2025-08-06 13:29:14
349,福特烈马,684,7224,29.98-49.88万,4.58,2025-08-06 13:29:15
350,五菱星驰,683,6777,5.68-8.68万,4.53,2025-08-06 13:29:15
351,冒险家,682,5385,23.58-34.58万,4.54,2025-08-06 13:29:15
352,易至EV3,681,4949,6.28-6.68万,4.47,2025-08-06 13:29:15
353,马自达EZ-6,678,7692,13.98-18.18万,4.47,2025-08-06 13:29:15
354,红旗HS7 PHEV,670,7590,29.08-34.58万,0.0,2025-08-06 13:29:15
355,岚图知音,667,7728,19.69-23.69万,4.55,2025-08-06 13:29:15
356,世纪,664,7010,46.99-68.99万,4.61,2025-08-06 13:29:15
357,领克09,657,6144,25.88-26.58万,4.6,2025-08-06 13:29:15
358,大通G50,653,4686,8.68-12.98万,4.54,2025-08-06 13:29:15
359,揽胜极光,631,3521,39.28-47.58万,4.49,2025-08-06 13:29:15
360,海豹,626,6394,17.58-23.98万,4.41,2025-08-06 13:29:15
361,沃尔沃XC60插电式混动,622,4609,52.39-60.39万,4.43,2025-08-06 13:29:16
362,爱跑,605,7573,15.29-18.99万,0.0,2025-08-06 13:29:16
363,多米,602,8058,5.99-6.99万,0.0,2025-08-06 13:29:16
364,长安UNI-V 智电iDD,595,6735,11.49-15.19万,4.46,2025-08-06 13:29:16
365,捷豹XFL,594,4083,43.99-48.99万,4.52,2025-08-06 13:29:16
366,奥迪Q4 e-tron,593,6504,28.99-36.71万,4.58,2025-08-06 13:29:16
367,银河A7,593,8158,9.78-13.38万,0.0,2025-08-06 13:29:16
368,捷途山海L7,590,7711,12.98-22.78万,4.14,2025-08-06 13:29:16
369,零跑C01,575,6161,13.68-19.98万,4.6,2025-08-06 13:29:16
370,比亚迪e2,563,5238,8.98-14.78万,4.38,2025-08-06 13:29:16
371,凯翼拾月,556,6845,5.39-9.98万,4.67,2025-08-06 13:29:16
372,起亚K3,555,2886,11.29-14.39万,4.53,2025-08-06 13:29:16
373,星途揽月C-DM,554,7227,20.99-23.39万,4.44,2025-08-06 13:29:16
374,影豹,548,5944,11.80-15.80万,4.56,2025-08-06 13:29:17
375,瑶光C-DM,540,7215,15.99-21.99万,4.54,2025-08-06 13:29:17
376,凌宝BOX,532,5724,4.19-6.19万,4.57,2025-08-06 13:29:17
377,捷途山海L9,529,7397,16.49-24.29万,4.53,2025-08-06 13:29:17
378,比亚迪e7,521,8015,10.38-11.58万,4.4,2025-08-06 13:29:17
379,新海狮EV,517,6760,13.98-14.03万,4.57,2025-08-06 13:29:17
380,本田HR-V,511,6825,15.99-22.89万,4.49,2025-08-06 13:29:17
381,锐际,510,5211,16.98-21.98万,4.53,2025-08-06 13:29:17
382,e爱丽舍,509,5589,12.98-13.98万,0.0,2025-08-06 13:29:17
383,MG ES5,500,7805,11.69-19.69万,4.56,2025-08-06 13:29:17
384,柯米克,495,4690,9.99-11.99万,4.44,2025-08-06 13:29:17
385,智界S7,491,7355,22.98-32.98万,4.56,2025-08-06 13:29:17
386,冠道,488,4102,23.98-32.98万,4.4,2025-08-06 13:29:18
387,速派,480,3171,17.49-19.49万,4.29,2025-08-06 13:29:18
388,捷达VA7,469,7890,9.98-12.98万,4.57,2025-08-06 13:29:18
389,瑞虎7 PLUS新能源,467,6861,12.99-16.69万,4.71,2025-08-06 13:29:18
390,悦意07,462,7978,9.98-13.99万,4.34,2025-08-06 13:29:18
391,极氪X,455,7028,14.90-19.90万,4.45,2025-08-06 13:29:18
392,马自达CX-50行也,451,7082,15.98-23.98万,4.43,2025-08-06 13:29:18
393,奥迪Q5L Sportback,439,5912,37.98-42.98万,4.43,2025-08-06 13:29:18
394,红旗天工06,438,7704,17.98-22.58万,0.0,2025-08-06 13:29:18
395,奥迪Q2L,437,4871,17.18-21.00万,4.5,2025-08-06 13:29:18
396,北京现代ix35,432,1007,12.18-16.78万,4.51,2025-08-06 13:29:18
397,宝骏悦也,416,6936,8.08-9.08万,4.45,2025-08-06 13:29:18
398,长安CS15,406,3924,5.39-8.09万,4.5,2025-08-06 13:29:18
399,坦克700新能源,406,7504,42.80-70.00万,4.45,2025-08-06 13:29:19
400,雅阁新能源,405,7127,22.58-26.88万,4.11,2025-08-06 13:29:19
401,锐程PLUS,399,6923,9.99-12.29万,4.46,2025-08-06 13:29:19
402,奔驰GLA,390,3248,29.99-34.69万,4.43,2025-08-06 13:29:19
403,缤智,385,3460,11.99-13.99万,4.44,2025-08-06 13:29:19
404,荣威D5X DMH,385,7394,12.98-14.68万,4.47,2025-08-06 13:29:19
405,北京X7,380,5624,11.99-13.99万,4.42,2025-08-06 13:29:19
406,岚图追光,378,6915,25.28-38.59万,4.57,2025-08-06 13:29:19
407,长安UNI-T,375,5565,11.59-13.99万,4.53,2025-08-06 13:29:19
408,星途瑶光,374,6170,14.98-20.68万,4.47,2025-08-06 13:29:19
409,发现运动,369,5536,38.83-39.99万,4.43,2025-08-06 13:29:19
410,领克Z10,369,5845,18.68-28.28万,4.34,2025-08-06 13:29:19
411,本田UR-V,362,4304,24.68-32.98万,4.57,2025-08-06 13:29:19
412,炫界Pro,362,6396,6.49-9.49万,4.49,2025-08-06 13:29:20
413,荣威i6 MAX新能源,360,5801,15.28-25.98万,4.38,2025-08-06 13:29:20
414,坦克400,360,6359,24.98-27.98万,0.0,2025-08-06 13:29:20
415,凌放HARRIER,359,6077,19.18-29.88万,4.34,2025-08-06 13:29:20
416,昊铂HL,359,7929,26.98-31.98万,4.61,2025-08-06 13:29:20
417,科鲁泽,358,5008,9.49-10.89万,4.32,2025-08-06 13:29:20
418,启辰大V DD-i,337,7104,11.89-14.99万,4.57,2025-08-06 13:29:20
419,大通G10,327,3064,10.80-18.98万,4.62,2025-08-06 13:29:20
420,smart精灵#5,326,7684,23.99-37.99万,4.53,2025-08-06 13:29:20
421,威飒,314,6385,21.68-30.38万,4.46,2025-08-06 13:29:20
422,皓极,314,6583,12.69-14.69万,4.42,2025-08-06 13:29:20
423,微蓝6,313,4776,11.28-16.89万,4.32,2025-08-06 13:29:20
424,蔚来ET9,307,7546,78.80-80.80万,0.0,2025-08-06 13:29:21
425,胜达,304,2927,19.58-26.88万,4.52,2025-08-06 13:29:21
426,凯迪拉克GT4,301,6774,21.97-30.97万,4.45,2025-08-06 13:29:21
427,东风风神E70,293,4421,14.28-15.38万,4.5,2025-08-06 13:29:21
428,凯迪拉克XT6,293,5102,44.99-50.99万,4.41,2025-08-06 13:29:21
429,星途揽月,290,5306,19.39-23.39万,4.58,2025-08-06 13:29:21
430,途铠,287,4993,11.59-16.19万,4.5,2025-08-06 13:29:21
431,红旗HQ9 PHEV,286,7380,35.88-53.88万,0.0,2025-08-06 13:29:21
432,悦翔,281,705,4.99-7.29万,4.47,2025-08-06 13:29:21
433,Polo,276,145,9.09-12.49万,4.43,2025-08-06 13:29:21
434,飞凡F7,272,6925,18.29-20.69万,4.54,2025-08-06 13:29:21
435,蔚来ET7,271,5264,42.80-51.60万,4.55,2025-08-06 13:29:22
436,荣威iMAX8新能源,269,6641,19.99-35.98万,4.53,2025-08-06 13:29:22
437,风行S50EV,265,4614,15.09-16.99万,0.0,2025-08-06 13:29:22
438,smart精灵#3,265,7044,16.49-28.99万,4.44,2025-08-06 13:29:22
439,星海V9,263,7400,19.99-27.99万,4.55,2025-08-06 13:29:22
440,奥迪Q3 Sportback,261,5933,26.38-30.18万,4.39,2025-08-06 13:29:22
441,飞度,252,81,8.68-10.88万,4.43,2025-08-06 13:29:22
442,瑞风RF8 PHEV,250,7221,20.99-36.99万,4.53,2025-08-06 13:29:22
443,腾势N7,249,6898,25.98-28.98万,4.37,2025-08-06 13:29:22
444,SWM斯威X3,248,4336,5.88万,4.53,2025-08-06 13:29:22
445,LIFE,247,5842,9.78-11.28万,4.45,2025-08-06 13:29:22
446,本田XR-V,246,3582,11.99-13.99万,4.55,2025-08-06 13:29:22
447,马自达CX-30,246,5586,9.99-15.29万,4.37,2025-08-06 13:29:22
448,凌宝uni,245,6436,2.98-4.18万,0.0,2025-08-06 13:29:23
449,奔驰EQB,243,6150,35.20-42.80万,3.71,2025-08-06 13:29:23
450,创维EV6,242,6188,13.98-39.80万,3.86,2025-08-06 13:29:23
451,钇为3,240,7186,6.99-14.99万,4.39,2025-08-06 13:30:13
452,大通G50插电混动,240,7924,13.98-14.98万,4.55,2025-08-06 13:30:13
453,传祺E9,236,6869,31.98-40.98万,4.58,2025-08-06 13:30:13
454,睿蓝7,235,6788,11.57-17.37万,4.48,2025-08-06 13:30:13
455,沃尔沃S90插电式混动,233,4864,49.99-61.39万,3.57,2025-08-06 13:30:14
456,菱智新能源,232,4418,10.98-19.69万,4.57,2025-08-06 13:30:14
457,大蚂蚁,230,5588,14.98-18.98万,4.56,2025-08-06 13:30:14
458,启辰D60,229,4490,8.88-9.98万,4.54,2025-08-06 13:30:14
459,红旗EH7,229,7245,20.88-30.98万,4.61,2025-08-06 13:30:14
460,红旗HQ9,224,6726,34.88-57.88万,4.65,2025-08-06 13:30:14
461,柯珞克,220,4453,14.99-15.49万,4.49,2025-08-06 13:30:14
462,帕萨特新能源,220,4904,21.72-24.22万,4.42,2025-08-06 13:30:14
463,奔驰EQE SUV,219,6975,48.60-63.06万,3.0,2025-08-06 13:30:14
464,起亚EV5,209,7352,14.98-25.58万,4.59,2025-08-06 13:30:14
465,腾势Z9,203,7838,33.48-41.48万,4.51,2025-08-06 13:30:14
466,领克06 EM-P,200,5557,14.78-15.68万,4.53,2025-08-06 13:30:14
467,羿,200,6005,11.88-19.98万,4.71,2025-08-06 13:30:14
468,标致5008,198,4271,17.87-18.97万,4.45,2025-08-06 13:30:15
469,灵悉L,194,7407,12.98万,4.71,2025-08-06 13:30:15
470,极狐 阿尔法S,190,5824,18.98-32.98万,4.5,2025-08-06 13:30:15
471,宝骏享境,190,7826,12.98-18.88万,4.41,2025-08-06 13:30:15
472,标致508,184,2299,16.37-19.47万,4.53,2025-08-06 13:30:15
473,骐达TIIDA,182,425,8.99-11.59万,4.45,2025-08-06 13:30:15
474,北京越野BJ60雷霆,182,7513,25.98-30.48万,4.0,2025-08-06 13:30:15
475,领裕,179,5910,17.38-22.18万,4.57,2025-08-06 13:30:15
476,飞行家,176,5554,50.98-70.08万,4.56,2025-08-06 13:30:15
477,创维HT-i,175,6686,12.58-31.68万,4.71,2025-08-06 13:30:15
478,红旗天工05,170,7705,15.98-18.58万,4.62,2025-08-06 13:30:15
479,北京越野BJ60,168,6590,23.98-28.58万,4.49,2025-08-06 13:30:15
480,天逸 C5 AIRCROSS,167,4370,14.97-18.27万,4.58,2025-08-06 13:30:16
481,广汽本田P7,166,7677,19.99-24.99万,4.55,2025-08-06 13:30:16
482,五菱星辰,163,6117,6.88-10.98万,4.43,2025-08-06 13:30:16
483,奔驰EQA,163,6149,32.20万,2.86,2025-08-06 13:30:16
484,五菱征程,161,6039,6.98-9.08万,4.43,2025-08-06 13:30:16
485,风行T5,159,4767,6.99-13.99万,4.0,2025-08-06 13:30:16
486,明锐,155,519,14.39-15.49万,4.51,2025-08-06 13:30:16
487,阿维塔11,153,6354,27.99-42.99万,4.57,2025-08-06 13:30:16
488,柯迪亚克,150,4217,19.19-24.39万,4.86,2025-08-06 13:30:16
489,奔腾T90,149,7149,10.88-13.98万,4.86,2025-08-06 13:30:16
490,智己LS7,148,6013,33.98-35.98万,4.64,2025-08-06 13:30:16
491,猎光e:NS2,144,7244,18.98-20.98万,0.0,2025-08-06 13:30:16
492,SWM斯威G05,143,5101,8.69-12.98万,4.55,2025-08-06 13:30:16
493,枫叶60s,141,6215,9.98-16.38万,0.0,2025-08-06 13:30:17
494,探岳X,140,5246,23.29-26.29万,4.27,2025-08-06 13:30:17
495,皓影新能源,140,5994,22.59-26.99万,4.71,2025-08-06 13:30:17
496,智跑,139,2137,13.98-15.78万,4.39,2025-08-06 13:30:17
497,SWM斯威G01,139,4684,7.99-26.98万,4.55,2025-08-06 13:30:17
498,奔驰EQE,139,6640,47.80-62.70万,4.35,2025-08-06 13:30:17
499,沃尔沃XC40,137,5198,26.98-35.48万,4.56,2025-08-06 13:30:17
500,示界06,134,8043,12.58万,4.86,2025-08-06 13:30:17
